<?xml version="1.0" encoding="UTF-8"?><examples><example><id>smlink_product-swjoints</id><title>Joints</title><type>em</type><docpageurl>examples/joints-2.html</docpageurl><categorylist><category><categoryid>solidworks-cad-assemblies-2</categoryid><categorylabel>SolidWorks CAD Assemblies</categorylabel></category></categorylist><product>smlink</product><producthelplocation>physmod/smlink</producthelplocation><language>en</language></example><example><id>smlink_product-swrobot</id><title>Robot Arm</title><type>em</type><docpageurl>examples/robot-arm-2.html</docpageurl><categorylist><category><categoryid>solidworks-cad-assemblies-2</categoryid><categorylabel>SolidWorks CAD Assemblies</categorylabel></category></categorylist><product>smlink</product><producthelplocation>physmod/smlink</producthelplocation><language>en</language></example><example><id>smlink_product-swstewart</id><title>Stewart Platform</title><type>em</type><docpageurl>examples/stewart-platform-1.html</docpageurl><categorylist><category><categoryid>solidworks-cad-assemblies-2</categoryid><categorylabel>SolidWorks CAD Assemblies</categorylabel></category></categorylist><product>smlink</product><producthelplocation>physmod/smlink</producthelplocation><language>en</language></example><example><id>smlink_product-proestewart</id><title>Stewart Platform</title><type>em</type><docpageurl>examples/stewart-platform.html</docpageurl><categorylist><category><categoryid>pro/engineer-cad-assemblies-3</categoryid><categorylabel>Pro/ENGINEER CAD Assemblies</categorylabel></category></categorylist><product>smlink</product><producthelplocation>physmod/smlink</producthelplocation><language>en</language></example><example><id>smlink_product-swgears</id><title>UserAdded Coordinate Systems</title><type>em</type><docpageurl>examples/user-added-coordinate-systems.html</docpageurl><categorylist><category><categoryid>solidworks-cad-assemblies-2</categoryid><categorylabel>SolidWorks CAD Assemblies</categorylabel></category></categorylist><product>smlink</product><producthelplocation>physmod/smlink</producthelplocation><language>en</language></example><example><id>smlink_product-invjoints</id><title>Joints</title><type>em</type><docpageurl>examples/joints.html</docpageurl><categorylist><category><categoryid>inventor-cad-assemblies-1</categoryid><categorylabel>Inventor CAD Assemblies</categorylabel></category></categorylist><product>smlink</product><producthelplocation>physmod/smlink</producthelplocation><language>en</language></example><example><id>smlink_product-invrobot</id><title>Robot Arm</title><type>em</type><docpageurl>examples/robot-arm.html</docpageurl><categorylist><category><categoryid>inventor-cad-assemblies-1</categoryid><categorylabel>Inventor CAD Assemblies</categorylabel></category></categorylist><product>smlink</product><producthelplocation>physmod/smlink</producthelplocation><language>en</language></example><example><id>smlink_product-proerobot</id><title>Robot Arm</title><type>em</type><docpageurl>examples/robot-arm-1.html</docpageurl><categorylist><category><categoryid>pro/engineer-cad-assemblies-3</categoryid><categorylabel>Pro/ENGINEER CAD Assemblies</categorylabel></category></categorylist><product>smlink</product><producthelplocation>physmod/smlink</producthelplocation><language>en</language></example><example><id>smlink_product-proejoints</id><title>Joints</title><type>em</type><docpageurl>examples/joints-1.html</docpageurl><categorylist><category><categoryid>pro/engineer-cad-assemblies-3</categoryid><categorylabel>Pro/ENGINEER CAD Assemblies</categorylabel></category></categorylist><product>smlink</product><producthelplocation>physmod/smlink</producthelplocation><language>en</language></example></examples>